hsa00010 Glycolysis / Gluconeogenesis	10327 124 125 126 127 128 130 130589 131 160287 1737 1738 2023 2026 2027 217 218 219 220 2203 221 222 223 224 226 229 230 2538 2597 26330 2645 2821 3098 3099 3101 3939 3945 3948 441531 501 5105 5106 5160 5161 5162 5211 5213 5214 5223 5224 5230 5232 5236 5313 5315 55276 55902 57818 669 7167 80201 83440 84532 8789 92483
hsa00020 Citrate cycle (TCA cycle)	1431 1737 1738 1743 2271 3417 3418 3419 3420 3421 4190 4191 47 48 4967 50 5091 5105 5106 5160 5161 5162 55753 6389 6390 6391 6392 8801 8802 8803
hsa00030 Pentose phosphate pathway	2203 221823 226 229 22934 230 2539 25796 2821 51071 5211 5213 5214 5226 5236 55276 5631 5634 6120 64080 6888 7086 729020 8277 84076 8789 9563
hsa00040 Pentose and glucuronate interconversions	10720 10941 217 219 224 231 27294 2990 51084 51181 54490 54575 54576 54577 54578 54579 54600 54657 54658 54659 574537 6120 729020 7358 7360 7363 7364 7365 7366 7367 79799 9942
hsa00051 Fructose and mannose metabolism	197258 2203 226 229 230 231 2762 29085 29925 29926 3098 3099 3101 3795 4351 5207 5208 5209 5210 5211 5213 5214 5372 5373 57016 57103 6652 7167 7264 80201 8776 8789 8790 8898 9107 9108
hsa00052 Galactose metabolism	231 2538 2548 2582 2584 2585 2592 2595 2645 2683 2717 2720 3098 3099 3101 3906 3938 5211 5213 5214 5236 55276 57818 7360 80201 8704 8972
hsa00053 Ascorbate and aldarate metabolism	10720 10941 217 219 223 224 501 54490 54575 54576 54577 54578 54579 54600 54657 54658 54659 55586 574537 7358 7363 7364 7365 7366 7367 79799
hsa00061 Fatty acid biosynthesis	2194 27349 31 32 54995 55301
hsa00071 Fatty acid metabolism	10449 10455 124 125 126 126129 127 128 130 131 1374 1375 1376 1579 1632 1892 1962 217 2180 2181 2182 219 223 224 23305 2639 284541 30 3030 3032 3033 33 34 35 36 37 38 39 501 51 51703 81616 8310
hsa00072 Synthesis and degradation of ketone bodies	3155 3157 3158 38 39 5019 56898 622 64064
hsa00100 Steroid biosynthesis	1056 10682 10826 120227 1594 1595 1717 1718 2222 3988 4047 50814 51478 6307 6309 6646 6713 7108 8435
hsa00120 Primary bile acid biosynthesis	10858 10998 1109 1581 1582 1593 23600 3295 51302 570 6342 6718 80270 8309 9023 9420
hsa00130 Ubiquinone and other terpenoid-quinone biosynthesis	10229 27235 3242 51004 51805 6898 84274
hsa00140 Steroid hormone biosynthesis	100510686 10720 10941 1109 1312 1543 1545 1551 1576 1577 1581 1583 1584 1585 1586 1588 1589 1645 1646 3283 3284 3290 3291 3292 3293 3294 412 51144 51478 54490 54575 54576 54577 54578 54579 54600 54657 54658 54659 574537 64816 6715 6716 6718 6783 6820 7363 7364 7365 7366 7367 7923 79644 79799 8630 8644 9420
hsa00190 Oxidative phosphorylation	10063 10312 10476 10632 10975 125965 126328 127124 1327 1329 1337 1339 1340 1345 1346 1347 1349 1350 1351 1352 1353 1355 1537 155066 170712 23545 245972 245973 27068 27089 29796 341947 374291 440567 4508 4509 4512 4513 4514 4519 4535 4536 4537 4538 4539 4540 4541 4694 4695 4696 4697 4698 4700 4701 4702 4704 4705 4706 4707 4708 4709 4710 4711 4712 4713 4714 4715 4716 4717 4718 4719 4720 4722 4723 4724 4725 4726 4728 4729 4731 479 495 496 498 506 50617 509 51079 513 51382 514 515 516 51606 517 518 521 522 523 525 526 527 528 529 533 534 535 537 539 54539 5464 55967 56901 6389 6390 6391 6392 64077 7381 7384 7385 7386 7388 84701 8992 90423 9114 9167 9296 9377 9550 9551
hsa00230 Purine metabolism	100 10201 10606 10621 10622 10623 107 10714 108 10846 109 111 11128 11164 112 113 114 115 122481 122622 124583 132 158 159 1633 171568 1716 196883 203 204 205 221823 2272 22978 23649 246721 25885 2618 26289 270 271 27115 272 2766 2977 2982 2983 2984 2986 2987 29922 3000 30833 30834 318 3251 353 3614 3615 3704 377841 471 4830 4831 4832 4833 4860 4881 4882 4907 50484 50940 51082 51251 51292 5136 5137 5138 5139 5140 5141 5142 5143 5144 5145 5146 5147 5148 5149 5150 5151 5152 5153 5158 5167 5169 51728 5198 5236 5313 5315 53343 54107 5422 5424 5425 5426 5427 5430 5431 5432 5433 5434 5435 5436 5437 5438 5439 5440 5441 5471 548644 55276 5557 5558 55703 55811 55821 5631 5634 56655 56953 56985 57804 58497 6240 6241 64425 646625 654364 661 7498 8382 84172 84265 84284 84618 8622 8654 87178 8833 9060 9061 93034 953 9533 954 955 956 957 9583 9615
hsa00232 Caffeine metabolism	10 1544 1548 1549 1553 7498 9
hsa00240 Pyrimidine metabolism	10201 10587 10621 10622 10623 10714 11128 114112 124583 129607 139596 1503 151531 1633 1635 171568 1723 1806 1807 1841 1854 1890 22978 23649 246721 25885 29922 30833 30834 318 3704 377841 4830 4831 4832 4833 4860 4907 50484 50808 51082 51251 51727 51728 51733 54107 5422 5424 5425 5426 5427 5430 5431 5432 5433 5434 5435 5436 5437 5438 5439 5440 5441 548644 54963 5557 5558 55703 56474 56655 56953 57804 6240 6241 64425 654364 661 7083 7084 7296 7298 7371 7372 7378 790 83549 8382 84172 84265 84618 87178 93034 953 9533 955 956 957 9583 978
hsa00250 Alanine, aspartate and glutamate metabolism	122622 1373 158 159 18 189 2571 2572 259307 2673 27165 2744 2746 2747 2752 2805 2806 2875 435 440 443 445 5471 56954 64902 790 7915 84706 8528 8659 91703 9945
hsa00260 Glycine, serine and threonine metabolism	10993 132158 1491 1610 1738 1757 189 211 212 23464 2593 26227 2628 27232 2731 275 29958 29968 314 4128 4129 501 51268 55349 5723 635 63826 6470 6472 64902 8639 875
hsa00270 Cysteine and methionine metabolism	1036 10768 10993 1491 160287 1786 1787 1788 1789 191 23382 259307 262 27430 2805 2806 29947 3939 3945 3948 4143 4144 4357 4507 4548 51074 55256 58478 635 6611 6723 6898 7263 84245 875 92483
hsa00280 Valine, leucine and isoleucine degradation	10449 11112 1629 1738 18 1892 1962 217 219 223 224 259307 26275 27034 30 3028 3030 3032 3033 3155 3157 3158 316 34 35 36 3712 38 39 4329 4594 501 5019 5095 5096 549 56922 586 587 593 594 64064 64087 84693
hsa00290 Valine, leucine and isoleucine biosynthesis	23395 3376 51520 5160 5161 5162 55699 57176 586 587 7407
hsa00300 Lysine biosynthesis	10157 501 51166
hsa00310 Lysine degradation	10157 10919 1743 1892 1962 217 219 223 224 23067 23127 2639 29072 3030 3033 38 387893 39 4967 501 51111 51166 51268 5351 5352 54904 55217 55753 55870 6419 64324 6839 7468 79709 79723 79813 80854 83852 8424 84444 84787 8985 9739 9869
hsa00330 Arginine and proline metabolism	112483 113451 1152 1158 1159 1160 1373 1610 162417 217 219 223 224 2593 26 262 2628 27165 2744 2746 2747 2752 2805 2806 283208 29920 383 384 4128 4129 435 445 4842 4843 4846 4942 4953 5009 501 5033 51056 548596 5625 5831 5832 58510 6303 65263 6611 6723 79814 8659 8974 95
hsa00340 Histidine metabolism	10841 114049 131669 131965 144193 1644 217 218 219 220 221 222 223 224 26 3034 3067 3176 4128 4129 443 501 51409 51451 55798 60487 84735 91703 9836
hsa00350 Tyrosine metabolism	114049 124 125 126 127 128 130 131 1312 131965 1621 1638 1644 218 2184 220 221 222 259307 2805 2806 2954 3081 314 316 3242 4128 4129 4282 51409 51451 5409 55798 60487 6898 7054 7173 7299 7306 8639 9836
hsa00360 Phenylalanine metabolism	1644 218 220 221 222 259307 2805 2806 314 3242 4128 4129 4282 5053 6898 8639 9588
hsa00380 Tryptophan metabolism	10352 11185 121278 125061 130013 15 1543 1544 1545 1644 169355 1892 1962 217 219 223 224 23498 259307 26 2639 3030 3033 316 3620 38 39 4128 4129 438 4967 501 51166 55753 56267 6999 7166 7453 847 8564 883 8942
hsa00400 Phenylalanine, tyrosine and tryptophan biosynthesis	259307 2805 2806 5053 6898
hsa00410 beta-Alanine metabolism	18 1806 1807 1892 1962 217 219 223 224 23417 2571 2572 26275 3030 314 34 501 51733 6611 6723 84735 8639
hsa00430 Taurine and hypotaurine metabolism	1036 124975 2571 2572 2678 2686 2687 51380 570 84890
hsa00450 Selenocompound metabolism	10587 11185 114112 118672 1491 22928 22929 4141 4548 51091 51540 56267 7296 883 9060 9061 92935
hsa00460 Cyanoamino acid metabolism	124975 2678 2686 2687 57733 6470 6472
hsa00471 D-Glutamine and D-glutamate metabolism	27165 2744 2746 2747
hsa00472 D-Arginine and D-ornithine metabolism	1610
hsa00480 Glutathione metabolism	119391 124975 221357 2539 257202 2678 2686 2687 26873 2729 2730 2876 2877 2878 2879 2880 2882 290 2936 2937 2938 2939 2940 2941 2944 2946 2947 2948 2949 2950 2952 2953 2954 3417 3418 373156 4257 4258 4259 4953 50484 51056 51060 5226 6240 6241 6611 6723 79017 9446
hsa00500 Starch and sucrose metabolism	10720 10941 11181 178 2538 2548 2595 2632 2645 276 277 278 279 280 2821 283209 2990 2997 2998 3098 3099 3101 5167 5169 5236 54490 54575 54576 54577 54578 54579 54600 54657 54658 54659 55276 574537 57733 57818 5834 5836 5837 6476 7358 7360 7363 7364 7365 7366 7367 79799 80146 80201 8972
hsa00510 N-Glycan biosynthesis	10195 10905 11253 11282 11320 144245 146664 1603 1650 1798 199857 201595 22845 23193 2530 25834 2683 29880 29929 3703 4121 4122 4124 4245 4247 4248 4249 440138 54344 56052 57134 57171 6184 6185 6480 7841 79053 79087 79796 79868 7991 84620 84920 85365 8703 8704 8813 8818 91869
hsa00511 Other glycan degradation	10825 129807 175 23324 2517 2519 2629 2720 284004 3073 3074 4123 4125 4126 4758 4759 64772
hsa00512 Mucin type O-Glycan biosynthesis	11226 11227 114805 117248 168391 192134 2589 2590 2591 26290 2650 29071 374378 442117 50614 51301 51809 55568 55808 56913 57452 63917 64409 6482 6483 79623 79695 8693 9245 9334
hsa00514 Other types of O-glycan biosynthesis	10585 10690 10720 10941 145173 146664 23127 23275 23509 2526 2529 2683 283464 29954 3955 4242 54490 54575 54576 54577 54578 54579 54600 54657 54658 54659 55624 56983 574537 5986 6480 6487 727936 7363 7364 7365 7366 7367 79709 79799 84620 8473 8703 8704 8985 9486
hsa00520 Amino sugar and nucleotide sugar metabolism	10007 10020 1116 1118 132789 140838 1727 197258 2582 2584 2585 2592 2645 2673 27159 2762 2821 29925 29926 3073 3074 3098 3099 3101 4351 51005 51700 51706 5236 5238 5372 5373 54187 55276 55577 55907 5973 64841 6675 7264 7358 7360 80146 80201 80896 8790 91373 9945
hsa00531 Glycosaminoglycan degradation	10855 138050 23553 2588 2720 2799 2990 3073 3074 3373 3423 3425 411 4669 60495 6448 6677 8372 8692
hsa00532 Glycosaminoglycan biosynthesis - chondroitin sulfate	10090 11285 113189 126792 135152 166012 22856 26229 27087 29940 337876 50515 51363 54480 55454 55501 55790 56548 64131 64132 79586 9469
hsa00533 Glycosaminoglycan biosynthesis - keratan sulfate	10164 10678 11041 2530 2683 4166 6482 6483 6487 8534 8702 8703 8704 93010 9435
hsa00534 Glycosaminoglycan biosynthesis - heparan sulfate	11285 126792 135152 2131 2132 2134 2135 2137 222537 26035 26229 266722 27087 3340 64131 64132 64579 8509 90161 9348 9394 9653 9953 9955 9956 9957
hsa00561 Glycerolipid metabolism	10327 10554 10555 1056 11343 119548 129642 132158 137964 150763 154141 1606 1607 1608 160851 1609 217 219 223 224 231 253558 26007 2710 2712 2717 346606 3990 4023 501 5406 5407 5408 55750 56894 56895 57678 80339 84649 84803 8513 8525 8526 8527 8611 8612 8613 8694 9162 9388
hsa00562 Inositol phosphate metabolism	10423 113026 138429 200576 23236 23396 253430 27124 3612 3613 3628 3631 3632 3633 3636 3705 3706 3707 4329 4952 51196 51477 51763 5286 5287 5288 5289 5290 5291 5293 5294 5297 5298 5305 5330 5331 5332 5333 5335 5336 55300 55361 55586 56623 5728 64768 7167 79837 8394 8395 8396 84812 8821 8867 8871 89869 9562
hsa00563 Glycosylphosphatidylinositol(GPI)-anchor biosynthesis	10026 128869 23556 2822 284098 51227 51604 5277 5279 5281 5283 54872 54965 55650 80055 80235 84720 84992 8733 8818 9091 93183 94005 9487 9488
hsa00564 Glycerophospholipid metabolism	100137049 10162 10390 1040 10400 10423 10434 10554 10555 1103 1119 1120 11313 123745 129642 137964 150763 151056 154141 1606 1607 1608 160851 1609 162466 23171 23659 23761 253558 254531 26279 2819 2820 30814 391013 3931 43 50487 5130 5319 5320 5321 5322 5337 5338 54675 54947 55224 55500 56894 56895 56985 56994 57678 5833 64600 6901 79143 79888 81490 81579 8398 8399 8443 84647 84803 8525 8526 8527 85465 8611 8612 8613 8681 8760 9162 9468 9489 9791 9926
hsa00565 Ether lipid metabolism	100137049 10390 123745 133121 151056 254531 26279 30814 391013 5048 50487 5049 5050 5051 5168 5319 5320 5321 5322 5337 5338 54947 56994 64600 7941 79888 81579 8398 8399 84647 8540 85465 8611 8612 8613 8681
hsa00590 Arachidonic acid metabolism	100137049 113612 123745 124975 151056 1555 1557 1558 1559 1562 1571 1573 1579 2053 239 240 242 246 247 257202 26279 2678 2686 2687 27306 284541 2876 2877 2878 2880 2882 30814 391013 4048 4051 4056 50487 5319 5320 5321 5322 5730 5740 5742 5743 57834 64600 6916 80142 81579 8398 8399 84647 8529 8644 8681 873 874 9536
hsa00591 Linoleic acid metabolism	100137049 123745 151056 1544 1551 1557 1558 1559 1562 1571 1573 1576 1577 246 26279 30814 391013 50487 5319 5320 5321 5322 57016 64600 64816 81579 8398 8399 84647 8681
hsa00592 alpha-Linolenic acid metabolism	100137049 123745 151056 26279 30814 391013 50487 51 5319 5320 5321 5322 64600 81579 8310 8398 8399 84647 8681 9415
hsa00600 Sphingolipid metabolism	10558 10825 123099 125981 129807 130367 166929 2531 2581 259230 2629 2717 2720 339221 340485 410 427 4758 4759 55304 55331 55512 55627 56624 56848 64781 6609 6610 7357 7368 81537 8560 8611 8612 8613 8877 8879 9331 9514 9517
hsa00601 Glycosphingolipid biosynthesis - lacto and neolacto series	10317 10331 10402 10678 10690 11041 2523 2524 2525 2526 2527 2528 2529 2651 2683 28 6484 6487 6489 79369 84002 8702 8703 8704 8707 8708
hsa00603 Glycosphingolipid biosynthesis - globo series	10317 10690 2523 2524 26301 2717 3073 3074 4668 53947 6482 6483 6489 8706
hsa00604 Glycosphingolipid biosynthesis - ganglio series	256435 2583 27090 2720 29906 3073 3074 30815 6482 6483 6489 81849 8705 8869 9197
hsa00620 Pyruvate metabolism	10873 134526 160287 1737 1738 197257 217 219 223 224 231 2739 3029 31 32 38 39 3939 3945 3948 4190 4191 4199 4200 501 5091 5105 5106 5160 5161 5162 5313 5315 55902 84264 84532 92483 9380 97 98
hsa00630 Glyoxylate and dicarboxylate metabolism	125061 132158 1431 283871 38 39 4190 4191 4594 48 50 5095 5096 51179 54363 81888 84693 9380
hsa00640 Propanoate metabolism	160287 18 1892 1962 217 219 223 224 23417 26275 3030 31 32 34 38 39 3939 3945 3948 4329 4594 501 5095 5096 55902 79611 84532 84693 8801 8802 8803 92483
hsa00650 Butanoate metabolism	116285 123876 18 1892 1962 2571 2572 3030 3033 3155 3157 3158 341392 348158 35 38 39 5019 5160 5161 5162 54988 56898 57016 622 6296 64064 65985 7915 79944
hsa00670 One carbon pool by folate	10588 10797 10840 10841 123263 160428 1719 25902 2618 275 441024 4522 4524 4548 471 6470 6472 7298
hsa00730 Thiamine metabolism	27010 79178 84284 9054
hsa00740 Riboflavin metabolism	51205 5167 5169 52 53 54 55 55312 7299 80308 93650
hsa00750 Vitamin B6 metabolism	29968 316 493911 55163 57026 8566
hsa00760 Nicotinate and nicotinamide metabolism	10135 22978 23057 23475 23530 30833 316 349565 4837 4860 4907 51251 5167 5169 54981 55191 56953 64802 65220 683 83594 84618 93034 952
hsa00770 Pantothenate and CoA biosynthesis	1806 1807 5167 5169 51733 53354 55229 586 587 60490 79646 79717 80025 80347 8875 8876
hsa00780 Biotin metabolism	3141 686
hsa00785 Lipoic acid metabolism	11019 387787 51601
hsa00790 Folate biosynthesis	1719 2356 248 249 250 251 2643 5805 5860 6697 8836
hsa00830 Retinol metabolism	10170 10720 10901 10941 124 125 126 127 128 130 131 145226 1543 1544 1548 1549 1551 1553 1555 1557 1558 1559 1562 157506 1576 1577 1579 158835 1592 216 284541 317749 340665 50700 51109 53630 54490 54575 54576 54577 54578 54579 54600 54657 54658 54659 54884 56603 574537 5959 6121 64816 7363 7364 7365 7366 7367 79799 8228 8608 8694 8854 9227 9249
hsa00860 Porphyrin and chlorophyll metabolism	10720 10941 124454 1352 1355 1356 1371 2058 210 211 212 2235 2495 2512 2990 3052 3145 3162 3163 326625 54490 54575 54576 54577 54578 54579 54600 54657 54658 54659 5498 574537 644 645 7363 7364 7365 7366 7367 7389 7390 79799 94033
hsa00900 Terpenoid backbone biosynthesis	10654 2224 23590 3156 3157 3158 3422 38 39 4597 4598 57107 79947 91734 9453
hsa00910 Nitrogen metabolism	11238 1373 1491 23632 27165 2744 2746 2747 275 2752 3034 377677 440 759 760 761 762 763 765 766 767 768 771
hsa00920 Sulfur metabolism	10380 166012 445329 50515 55501 6783 6799 6817 6818 6820 6821 9060 9061
hsa00970 Aminoacyl-tRNA biosynthesis	10056 10352 10667 118672 123263 123283 124454 16 1615 2058 2193 23395 23438 25973 2617 3035 3376 3735 4141 4511 4553 4555 4556 4558 4563 4564 4565 4566 4567 4568 4569 4570 4571 4572 4573 4574 4575 4576 4577 4578 4579 4677 51067 51091 51520 54938 55157 55699 57038 57176 57505 5859 5917 6301 6897 7407 7453 79587 79731 80222 833 8565 92935
hsa00980 Metabolism of xenobiotics by cytochrome P450	10720 10941 1109 119391 124 125 126 127 128 130 131 1543 1544 1545 1551 1555 1557 1558 1559 1562 1571 1572 1576 1577 1645 1646 2052 218 220 221 221357 222 27294 2938 2939 2940 2941 2944 2946 2947 2948 2949 2950 2952 2953 2954 29785 373156 4257 4258 4259 54490 54575 54576 54577 54578 54579 54600 54657 54658 54659 574537 64816 7363 7364 7365 7366 7367 79799 8644 9446
hsa00982 Drug metabolism - cytochrome P450	10720 10941 119391 124 125 126 127 128 130 131 1544 1548 1549 1551 1553 1555 1557 1558 1559 1562 1565 1571 1576 1577 218 220 221 221357 222 2326 2327 2328 2329 2330 2938 2939 2940 2941 2944 2946 2947 2948 2949 2950 2952 2953 2954 316 373156 4128 4129 4257 4258 4259 54490 54575 54576 54577 54578 54579 54600 54657 54658 54659 574537 64816 7363 7364 7365 7366 7367 79799 9446
hsa00983 Drug metabolism - other enzymes	10 1066 10720 10941 151531 1548 1549 1551 1553 1576 1577 1806 1807 1890 221223 2990 3251 3614 3615 3704 51733 54490 54575 54576 54577 54578 54579 54600 54657 54658 54659 54963 574537 64816 7083 7084 7172 7363 7364 7365 7366 7367 7371 7372 7378 7498 79799 83549 8824 8833 9 978
hsa01040 Biosynthesis of unsaturated fatty acids	10965 11332 122970 201562 30 3030 3992 51 51144 54898 55825 570 60481 6319 641371 79071 79966 8310 9200 9415 9524
hsa02010 ABC transporters	10057 10058 10060 10257 10347 10349 10350 10351 1080 11194 1244 154664 19 20 21 215 22 225 23456 23457 23460 23461 24 26154 340273 368 4363 5243 5244 5825 5826 64137 64240 64241 6833 6890 6891 85320 8647 8714 89845 94160 9429 9619
hsa03008 Ribosome biogenesis in eukaryotes	100288470 100288500 100288562 100507758 10171 10199 10248 10436 10482 10528 10556 10557 10607 10775 10799 10813 10885 10940 134430 138716 1457 1459 1460 166378 1736 2091 22803 23160 23195 23560 254958 25996 26354 27341 28987 29102 29107 29889 3692 4549 4550 4809 4931 51068 51077 51096 51119 51367 51602 54433 54464 54552 54913 55127 55131 55226 55272 55341 55505 55651 55781 55813 55916 55998 56001 57455 5822 5901 65083 6880 6949 728343 7514 79631 83732 84128 84135 84916 92856 9724 9790
hsa03010 Ribosome	100505503 11224 140801 200916 2197 23521 25873 284288 28998 3921 4549 4550 4736 51065 51121 51187 6122 6123 6124 6125 6128 6129 6130 6132 6133 6134 6135 6136 6137 6138 6139 6141 6142 6143 6144 6146 6147 6152 6154 6155 6156 6157 6158 6159 6160 6161 6164 6165 6166 6167 6168 6169 6170 6171 6173 6175 6176 6181 6187 6188 6189 6191 6192 6193 6194 6201 6202 6203 6204 6205 6206 6207 6208 6209 6210 6217 6218 6222 6223 6224 6227 6228 6229 6230 6231 6232 6233 6234 6235 7311 9045 9349
hsa03013 RNA transport	100101267 100130966 10073 10189 10209 10248 10250 10284 10289 10419 10460 10482 10556 10557 10605 10762 10775 10799 10921 10940 11097 11102 11171 11218 11260 1207 129401 132430 138716 140886 1915 1917 1964 1965 1967 1968 1973 1974 1975 1977 1978 1981 1982 1983 22794 22916 22985 23165 23225 23279 23511 23636 253314 25929 26019 26986 29107 340529 348995 3646 3837 387082 4116 4686 4927 4928 5042 50628 51068 51095 51367 51808 53371 5411 54913 54960 55110 55520 55706 55746 55916 55998 56001 57122 57187 57510 5901 5903 5905 59343 5976 60528 6396 645974 65109 65110 6606 6607 6612 6613 7175 728343 7329 7341 7514 79023 7919 79228 79760 79833 79897 79902 80145 8021 80336 8086 81929 84305 84321 8480 8487 8563 8661 8662 8663 8664 8665 8666 8667 8668 8669 8672 8761 8890 8891 8892 8893 8894 9086 91181 94026 9470 9631 9669 96764 9688 9775 9818 9883 9939 9972 9984
hsa03015 mRNA surveillance pathway	10189 10250 10284 10482 10767 10898 10914 10921 10978 11051 11052 124540 132430 140886 1477 1478 1479 2107 22794 22916 22985 23049 23283 23293 23381 23708 26019 26528 26986 28227 29107 2935 29894 340529 390748 4116 4440 4686 5042 51585 51692 53918 53981 5411 55012 55110 5515 5516 5518 5519 5520 5521 5522 5523 5525 5526 5527 5528 5529 55844 55916 55998 56001 56903 5976 645974 64895 65109 65110 728343 7919 79869 80336 8106 81608 8189 84305 8731 8732 8761 9775 9887 9939
hsa03018 RNA degradation	10140 10200 10438 10766 10950 11044 11157 11340 118460 132430 140886 1656 167227 170506 196513 2023 2026 2027 219988 22803 22894 23016 23019 23404 23517 23644 23658 246175 255967 25804 25904 26986 27257 27258 28960 29883 3313 3329 340529 4848 4849 4850 5042 5073 51010 51013 51690 51691 5393 5394 54464 54512 54766 55802 56915 57472 57819 645974 6499 694 7832 80153 80336 80349 84186 87178 8761 9125 9337 9652 9924
hsa03020 RNA polymerase	10621 10622 10623 11128 171568 246721 25885 30834 51082 51728 5430 5431 5432 5433 5434 5435 5436 5437 5438 5439 5440 5441 548644 55703 64425 661 84172 84265 9533
hsa03022 Basal transcription factors	10629 11036 11037 138474 27097 286749 2957 2958 2959 2960 2961 2962 2963 2965 2966 2967 2968 2969 387332 391764 51616 54457 6872 6873 6874 6875 6877 6878 6879 6880 6881 6882 6883 6884 6908 9519 9569
hsa03030 DNA replication	10535 10714 1763 2237 23649 246243 29935 3978 4171 4172 4173 4174 4175 4176 5111 54107 5422 5424 5425 5426 5427 5557 5558 56655 57804 5981 5982 5983 5984 5985 6117 6118 6119 6742 79621 84153
hsa03040 Spliceosome	10084 10189 10262 10285 10286 10291 10450 10465 10523 10569 10594 10713 10772 10907 10915 10929 10946 10992 11017 11157 11325 11338 144983 151903 153527 1655 1659 1665 220988 22827 22916 22938 22985 23020 23350 23450 23451 23658 24148 25766 25804 25949 26121 27258 27316 27339 29896 3178 3183 3190 3192 3303 3304 3305 3306 3310 3312 4116 4670 4686 4809 494115 5093 51340 51362 51503 51639 51645 51690 51691 51729 5356 55110 55119 55660 55696 56259 56949 57187 57461 57819 58517 6426 6427 6428 6429 6430 6431 6432 6434 653884 6625 6626 6627 6628 6629 6631 6632 6633 6634 6635 6636 6637 7307 7919 8175 83443 84321 8449 84844 84950 84991 8559 8683 8896 9092 9128 9129 9343 9410 9416 9716 9775 9785 9879 988 9939 9984
hsa03050 Proteasome	10197 10213 122706 143471 23198 3458 51371 5682 5683 5684 5685 5686 5687 5688 5689 5690 5691 5692 5693 5694 5695 5696 5698 5699 5700 5701 5702 5704 5705 5706 5707 5708 5709 5710 5713 5714 5717 5718 5719 5720 5721 652826 7979 9491 9861
hsa03060 Protein export	10952 11231 196294 23478 23480 28972 29927 3309 5018 55176 58477 60559 6726 6727 6728 6729 6730 6731 6734 7095 83943 90701 9789
hsa03320 PPAR signaling pathway	10062 10580 10998 10999 11001 116519 126129 1374 1375 1376 1579 1581 1582 1593 1622 1962 2167 2168 2169 2170 2171 2172 2173 2180 2181 2182 23305 2710 2712 284541 28965 30 3158 33 335 336 34 345 3611 364 376497 4023 4199 4312 4973 51 5105 5106 51129 5170 51703 5346 5360 5465 5467 5468 6256 6257 6258 6319 6342 7316 7350 79966 81616 8309 8310 9370 9415 948
hsa03410 Base excision repair	10038 10039 10714 142 143 2237 23583 252969 27301 27343 3146 328 3978 3980 4350 4595 4913 4968 5111 54107 5423 5424 5425 5426 5427 55247 56655 57804 645490 6996 7374 7515 79661 8930
hsa03420 Nucleotide excision repair	100290337 1022 1069 10714 1161 1642 1643 2067 2068 2071 2072 2073 2074 2965 2966 2967 2968 29935 3978 404672 4331 5111 54107 5424 5425 5426 5427 56655 57804 5886 5887 5981 5982 5983 5984 5985 6117 6118 6119 7507 7508 8450 8451 902 9978
hsa03430 Mismatch repair	10714 27030 2956 29935 3978 4292 4436 4437 5111 5395 5424 5425 57804 5981 5982 5983 5984 5985 6117 6118 6119 6742 9156
hsa03440 Homologous recombination	10111 10714 146956 25788 29935 4361 4683 5424 5425 57804 5888 5889 5890 5892 5893 6117 6118 6119 641 6742 675 7156 7516 7517 7979 80198 8438 8940
hsa03450 Non-homologous end-joining	10111 1791 2237 2547 27343 27434 3981 4361 5591 64421 731751 7518 7520 79840
hsa04010 MAPK signaling pathway	10000 100137049 10125 10235 10368 10369 10454 10746 10912 11072 11184 11221 11261 1147 115727 123745 1326 1386 1398 1399 1432 1616 1647 1649 1843 1844 1845 1846 1847 1848 1849 1850 1852 1950 1956 2002 2005 207 208 2122 2246 2247 2248 2249 2250 2251 2252 2253 2254 2255 2256 2257 2258 2259 2260 2261 2263 2264 22800 22808 23118 2316 23162 2317 2318 2353 23542 25780 26279 26281 26291 27006 27091 27092 27330 2768 2872 2885 30814 3164 3265 3303 3304 3305 3306 3310 3312 3315 355 3551 3552 3553 3554 356 3725 3727 3845 391013 3925 408 409 4137 4149 4208 4214 4215 4216 4217 4296 4342 4609 4616 468 4763 4773 4776 4790 4791 4803 4893 4908 4909 4914 4915 50487 5058 5062 51295 51347 5154 5155 5156 5159 51701 51776 5319 5320 5321 5322 5494 5495 5530 5532 5533 5534 5535 5536 5566 5567 5568 5578 5579 55799 5582 5594 5595 55970 5598 5599 5600 5601 5602 5603 5604 5605 5606 5607 5608 5609 5613 56940 57551 5778 5801 5871 5879 5880 5881 5894 5906 5908 5921 5922 5923 5924 59283 59284 59285 5970 5971 6195 6196 6197 6237 627 6300 63928 6416 64600 6654 6655 6722 673 6788 6789 6885 7040 7042 7043 7046 7048 7124 7132 7157 7186 7189 773 774 775 776 777 778 7786 779 781 782 783 784 785 7850 786 7867 8074 80824 81579 836 8398 8399 84647 84867 8491 8517 8550 8569 8649 8681 8817 8822 8823 8911 8912 8913 8986 9020 9064 9175 9252 9254 9261 929 9344 93589 9448 9479 9693 994 9965 998
hsa04012 ErbB signaling pathway	10000 1026 1027 10298 10718 1398 1399 145957 1839 1950 1956 1978 2002 2064 2065 2066 2069 207 208 23533 23624 2475 25 2549 25759 27 2885 2932 3084 3265 369 3725 374 3845 399694 4609 4690 4893 5058 5062 5063 5290 5291 5293 5294 5295 5296 5335 53358 5336 5578 5579 5582 5594 5595 5599 5601 5602 5604 5605 5609 56924 57144 572 5747 5894 6198 6199 6416 6464 6654 6655 6714 673 6776 6777 685 7039 815 816 817 818 8440 8503 867 868 9542
hsa04020 Calcium signaling pathway	107 108 10800 109 11261 1128 1129 113 113026 1131 1133 1139 114 115 135 136 146 147 148 153 154 155 163688 1812 1816 185 1909 1910 1956 196883 2064 2065 2066 2149 2185 22953 23236 2767 2769 2774 2776 2778 2902 2903 2905 2906 291 2911 2915 292 2925 293 3269 3274 3356 3357 3358 3360 3361 3362 3363 3706 3707 3708 3709 3710 3973 4638 4842 4843 4846 487 488 489 490 491 492 4923 493 5021 5023 5024 5025 5026 5027 51196 5136 5137 5153 5156 5159 51806 5255 5256 5257 5260 5261 5330 5331 5332 5333 5335 5336 5350 5481 552 553 5530 5532 5533 5534 5535 5566 5567 5568 5578 5579 5582 5613 56413 56848 57105 5724 5731 5733 5737 623 624 6261 6262 6263 63928 6543 6546 6547 683 6865 6869 6870 6915 7125 7134 7201 7220 7416 7417 7419 773 774 775 776 777 778 779 801 805 808 810 814 815 816 817 818 83447 84812 85366 886 887 8877 8911 8912 8913 89869 9127 91807 952 9630
hsa04062 Chemokine signaling pathway	10000 10235 10344 10451 10563 10663 10681 107 108 10803 10850 109 111 112 113 114 1147 115 1230 1232 1233 1234 1235 1236 1237 131890 1398 1399 1445 1524 156 157 1794 196883 207 208 2185 2268 2309 23236 23533 25759 26230 2770 2771 2773 2782 2783 2784 2785 2786 2787 2788 2790 2791 2792 2793 2826 2829 2833 2868 2869 2870 2885 2919 2920 2921 2931 2932 3055 3265 3551 3576 3577 3579 3627 3702 3717 3718 3845 387 388372 399694 4067 408 409 414062 4283 4790 4792 4793 4893 5058 51764 5196 5197 5290 5291 5293 5294 5295 5296 5330 5331 5332 53358 54331 5473 5566 5567 5568 5579 5580 5590 5594 5595 55970 5604 5613 56288 56477 5747 57580 58191 5829 5879 5880 5894 5906 5908 59345 5970 6011 6093 6346 6347 6348 6349 6351 6352 6354 6355 6356 6357 6358 6359 6360 6361 6362 6363 6364 6366 6367 6368 6369 6370 6372 6373 6374 6375 6376 6387 643 6464 653361 6654 6655 673 6772 6773 6774 6777 6846 7074 729230 7409 7410 7454 7852 8503 8517 8976 94235 9475 9547 9560 9564 9844 998
hsa04070 Phosphatidylinositol signaling system	1040 10423 113026 1606 1607 1608 160851 1609 163688 200576 23236 23396 23533 27124 3612 3613 3628 3631 3632 3633 3635 3636 3705 3706 3707 3708 3709 3710 4952 51196 51763 51806 5286 5287 5288 5289 5290 5291 5293 5294 5295 5296 5297 5298 5305 5330 5331 5332 5333 5335 5336 55300 55361 5578 5579 5582 56623 5728 64768 79837 801 805 808 810 8394 8395 8396 84812 8503 8525 8526 8527 8760 8821 8867 8871 89869 9162
hsa04110 Cell cycle	100506332 1017 1019 1021 1022 1026 1027 10274 1028 1029 1030 1031 1032 10393 10459 10735 10744 10912 10926 10971 1111 11200 1387 1647 1869 1870 1871 1874 1875 2033 23594 23595 246184 25 25847 27127 2810 2932 29882 29945 3065 3066 4085 4087 4088 4089 4171 4172 4173 4174 4175 4176 4193 4609 4616 472 494551 4998 4999 5000 5001 5111 51343 51433 51434 51529 5347 545 5591 5885 5925 5933 5934 595 64682 6500 6502 650621 651610 699 701 7027 7029 7040 7042 7043 7157 7272 731751 7465 7529 7531 7532 7533 7534 7709 8243 8317 8318 8379 8454 85417 8555 8556 8697 8881 890 8900 891 894 896 898 902 9088 9126 9133 9134 9184 9232 9700 983 990 991 993 994 995 996 9978
hsa04114 Oocyte meiosis	100506332 1017 10393 10459 107 10734 10744 108 109 10971 111 112 11261 113 114 115 151648 163688 196883 23291 245711 246184 25847 26271 27127 27330 286151 29882 29945 3479 3480 3630 367 3708 3709 3710 387778 4085 4342 51433 51434 51529 51806 5241 5347 5499 5500 5501 5515 5516 5518 5519 5525 5526 5527 5528 5529 5530 5532 5533 5534 5535 5566 5567 5568 5594 5595 5604 5613 6195 6196 6197 6300 63928 64506 64682 6500 650621 6790 699 7529 7531 7532 7533 7534 801 805 808 810 815 816 817 818 8243 8454 8697 8881 891 8945 898 89869 9088 9126 9133 9134 9232 9700 9748 983 991 995 996 9978 9985
hsa04115 p53 signaling pathway	1017 1019 1021 1026 1029 10912 1111 11200 143686 1643 1647 25898 27113 27244 2810 317 3479 3486 355 3732 4193 4194 4616 472 50484 5054 51246 51512 5268 5366 54205 545 55240 55367 56475 5728 575 581 595 6241 637 63970 64065 64326 64393 6477 651610 7057 7157 7161 7249 836 83667 841 842 8493 85417 8795 891 894 896 898 900 901 9133 9134 9538 9540 983
hsa04120 Ubiquitin mediated proteolysis	100290337 100506332 10054 10055 10075 10273 10277 10393 10401 10477 11059 11060 11065 1161 118424 134111 140739 148581 1642 1643 22888 22954 23221 23291 23295 23327 23624 23759 246184 25847 25898 26091 26232 26259 26272 27338 27339 29882 29945 3093 326 329 330 331 378884 389898 4193 4214 4281 4591 4734 5071 51343 51366 51433 51434 51465 51529 51588 51619 5371 54926 55070 55120 55236 55284 55294 55585 55958 57154 57448 63893 64326 64682 64750 6477 6500 6502 650621 652346 65264 672 6921 6923 7189 7317 7318 7319 7320 7321 7322 7323 7324 7325 7326 7327 7328 7329 7332 7334 7337 7428 8065 83737 84447 8450 8451 8452 8453 8454 8554 8651 867 868 8697 8881 8916 8924 8925 8945 89910 9021 90293 9039 9040 9063 9246 92912 9320 9354 9616 9690 9817 9820 9886 991 996 997 9978
hsa04122 Sulfur relay system	27304 348180 4337 4338 4357 55687 7263 81605 90353 9054
hsa04130 SNARE interactions in vesicular transport	10228 10282 10490 10652 10791 112755 116841 143187 2054 415117 51272 53407 55014 55850 6616 662 6804 6809 6810 6811 6843 6844 6845 8417 8673 8674 8675 8676 8677 8773 9341 9342 9482 9527 9554 9570
hsa04140 Regulation of autophagy	10533 11337 11345 115201 23192 23710 25989 30849 3439 3440 3441 3442 3443 3444 3445 3446 3447 3448 3449 3451 3452 3458 3630 5289 5562 5563 64422 8408 84938 84971 8678 9140 9474 9706
hsa04141 Protein processing in endoplasmic reticulum	100289713 100506332 10113 10130 10134 10273 10277 10294 10299 10427 10477 10483 10484 10525 10802 10808 10905 10952 10956 10960 10961 10970 11231 11253 118424 120329 1388 1409 1410 143630 1603 1649 1650 1965 201595 2081 22824 22872 22926 23193 23471 23480 23640 23645 258010 25956 26232 26270 267 27102 27248 285126 2923 29927 29978 29979 30001 3300 3301 3303 3304 3305 3306 3309 3310 3312 3320 3326 3337 3703 3998 4121 4217 4287 440275 468 4780 5034 50613 5071 51009 51128 51360 51465 51619 51726 54431 54788 55176 55432 55666 55741 55757 55768 55829 5589 55968 5599 5601 5602 5609 5610 5611 56605 56681 56886 56893 57134 573 578 581 5886 5887 596 6048 6184 6185 6238 6396 6400 64215 64374 6500 6745 6746 6747 6748 7095 7184 7186 7321 7322 7323 7324 7325 7326 7327 7353 7415 7466 7494 7841 79139 79748 7991 80267 80331 80700 811 81567 821 823 824 84447 8454 85479 8720 91319 92552 9373 9451 9532 9601 9632 9695 9709 9871 9978
hsa04142 Lysosome	10053 10239 10312 10577 10717 1075 10947 11154 1174 1176 1200 1201 1203 1211 1212 1213 130340 138050 1497 1508 1509 1510 1511 1512 1513 1514 1515 1519 1520 1521 1522 162 164 175 1777 20 22901 23062 23163 23431 23457 23545 23659 245972 2517 2548 256471 2581 2588 26088 2629 26503 26985 27074 2717 2720 2760 2799 285362 2990 3073 3074 3373 3423 3425 3482 3916 3920 3988 4074 410 411 4125 4126 427 4668 4669 4758 4864 4891 50617 51172 51606 527 53 533 535 537 54 5476 55353 5538 5641 5660 57192 58511 6272 6448 6556 6609 768239 7805 79158 8120 8218 84572 8546 8722 8763 8905 8907 8943 9114 9179 9374 9476 950 9583 967 968 9741
hsa04144 Endocytosis	10015 10059 10193 10254 10617 10938 11031 11059 11267 11311 116983 116984 116985 116986 116987 1173 1175 1211 1212 1213 1234 128866 131890 137492 138429 1436 153 154 155 155382 156 157 160 1601 161 163 1759 1785 1950 1956 2060 2065 2066 2149 2261 2263 2264 22841 22905 23096 2321 23327 23362 23396 2348 2350 2352 23527 23550 23624 25978 26052 26056 26119 26286 27183 27243 2868 2869 2870 28964 29082 29924 30011 30844 30845 30846 3105 3106 3107 3133 3134 3135 3265 3303 3304 3305 3306 3310 3312 3480 3559 3560 3561 3577 3579 3791 3815 382 387 390243 3949 408 4087 4088 409 4091 4092 4193 4233 440073 4734 4914 50807 50855 51028 51100 51160 51510 51534 5156 51652 5337 5338 5371 55040 55048 55616 55738 5584 5590 56288 5662 56904 57132 57154 57403 5867 5868 5869 5878 5979 6011 60682 64145 64411 6455 6456 6457 64744 64750 652346 652614 6714 7037 7040 7042 7043 7046 7048 7189 7251 7852 7879 79643 79720 80223 80230 8027 8218 83737 8394 8395 8411 84249 84313 84364 84440 84552 84612 857 858 859 867 868 8766 8853 89853 9101 9135 9146 9230 92421 93343 9372 9525 9727 9744 9765 9815 9829 9922 998
hsa04145 Phagosome	100133583 10312 10332 10333 10376 10381 10382 10383 10952 11151 112714 113457 127124 1311 1514 1520 1535 1536 155066 1778 1780 1781 1783 200576 203068 2204 2209 2212 2213 2214 2215 22925 23480 23545 23673 245972 245973 27035 29927 30835 3105 3106 3107 3108 3109 3111 3112 3113 3115 3117 3118 3119 3122 3123 3125 3126 3127 3133 3134 3135 338382 347688 347733 3673 3678 3684 3685 3688 3689 3690 3693 3916 3920 4074 414308 4153 4353 4360 4481 4688 4689 4842 4973 50508 50617 51143 51382 51606 51807 523 525 526 527 528 5289 529 533 534 53407 535 537 55176 56604 5868 5869 5878 5879 60 6441 64581 652614 653361 653509 6890 6891 7037 7057 7058 7059 7060 7097 7099 71 715 718 7277 7278 7280 7846 7879 78989 79659 79861 81027 81035 811 821 83547 8411 8417 84617 84790 8685 8992 90423 9103 9114 9146 929 9296 9341 948 949 9550 9554 9902
hsa04146 Peroxisome	10005 10455 10478 10654 10901 11001 11264 1384 1610 189 1891 1962 196743 2053 215 2180 2181 2182 225 23305 23417 23600 255027 25824 26061 26063 30 3155 3295 3417 3418 373156 390916 4358 4598 4843 5052 51 51179 51268 51703 5189 5190 5191 5192 5193 5194 5195 5264 54363 54677 55670 55711 55825 570 5824 5825 5826 5827 5828 5830 6342 6647 6648 7498 81616 8309 8310 83594 84188 8443 847 8504 8528 8540 8799 8800 92960 9409
hsa04150 mTOR signaling pathway	10000 1975 1977 1978 207 208 2277 23533 2475 253260 253314 25989 27330 3091 3479 3630 5170 51719 5228 5290 5291 5293 5294 5295 5296 54541 5562 5563 5594 5595 57521 6009 6194 6195 6196 6197 6198 6199 64223 673 6794 7248 7249 7422 7423 7424 81617 8408 8503 92335 9470 9706
hsa04210 Apoptosis	10000 11213 11261 1147 120329 1439 1676 1677 2021 207 208 23052 23533 317 329 330 331 355 3551 3552 3553 3554 3556 356 3562 3563 3654 3656 4615 472 4790 4792 4803 4914 51135 5290 5291 5293 5294 5295 5296 54205 5530 5532 5533 5534 5535 5566 5567 5568 5573 5575 5576 5577 5613 572 581 596 5970 598 637 63928 651610 7124 7132 7157 7186 823 824 836 839 840 841 842 843 8503 8517 8717 8737 8743 8772 8793 8794 8795 8797 8837 9020 9131 9941
hsa04260 Cardiac muscle contraction	10368 10369 10479 10975 125965 1327 1329 1337 1339 1340 1345 1346 1347 1349 1350 1351 1537 170712 23439 27089 27091 27092 29796 341947 440567 4512 4513 4514 4519 4624 4625 4633 4634 476 477 478 480 481 482 483 486 488 55799 59283 59284 59285 6262 6546 6548 70 7134 7137 7139 7168 7169 7170 7171 7381 7384 7385 7386 7388 775 776 778 779 781 782 783 784 785 786 84701 9167 9254 93589 9377
hsa04270 Vascular smooth muscle contraction	100137049 10203 10242 10266 10267 10268 10335 10398 10672 107 108 109 111 112 113 114 115 123745 135 136 140465 146 147 148 157855 1579 163688 185 1909 196883 23236 23365 26279 27094 27345 2767 2768 2776 2778 284541 2977 2982 2983 30814 369 3708 3709 3710 3778 3779 387 391013 4629 4637 4638 4659 4660 4881 4882 50487 51806 5319 5320 5321 5322 5330 5331 5332 5499 5500 5501 552 553 5566 5567 5568 5578 5579 5580 5581 5582 5583 5588 5592 5594 5595 5604 5605 5613 5739 5894 59 6093 64600 673 72 775 776 778 779 800 801 805 808 810 81579 8398 8399 84647 85366 8681 9138 91807 94274 9475 9826
hsa04310 Wnt signaling pathway	10023 100506332 10297 10725 11197 11211 11261 122011 1387 144165 1452 1454 1457 1459 1460 1487 1488 1499 166336 1855 1856 1857 2033 22943 23002 23236 23291 23401 23500 2535 27101 27121 27123 2932 324 3725 387 4040 4041 4087 4088 4089 4316 4609 4772 4773 4775 4776 51176 51384 51701 5330 5331 5332 54361 5467 5515 5516 5518 5519 5525 5526 5527 5528 5529 5530 5532 5533 5534 5535 5566 5567 5568 5578 5579 5582 5599 5601 5602 5613 5663 56998 57216 57680 5879 5880 5881 59343 595 6093 63928 6422 6423 6424 6425 64321 6477 64840 6500 6885 6907 6932 6934 7157 7471 7472 7473 7474 7475 7476 7477 7478 7479 7480 7481 7482 7483 7484 7855 79718 7976 80319 80326 8061 81029 815 816 817 818 81839 8312 8313 8321 8322 8323 8324 8325 8326 83439 8454 85407 85409 8607 894 8945 896 89780 90665 9350 9475 9978
hsa04320 Dorso-ventral axis formation	143689 1956 2113 2114 2120 2885 3845 440822 4851 4853 4854 4855 51513 55124 5594 5595 5604 56776 56907 64506 652554 6654 6655 84501 9271
hsa04330 Notch signaling pathway	10683 11317 113878 1387 1487 1488 151636 171558 182 1840 1855 1856 1857 196403 2033 22938 23220 23385 2648 28514 3065 3066 3280 3516 3714 388585 3955 4242 4851 4853 4854 4855 51107 54567 55534 55851 5663 5664 5986 6868 84441 8650 8850 9253 9541 9612 9794
hsa04340 Hedgehog signaling pathway	122011 1452 1453 1454 1455 1456 23291 2619 27148 2735 2736 2737 2932 353500 3549 4036 50846 51384 51684 51715 53944 54361 5566 5567 5568 5613 5727 64399 6469 650 652 653 654 655 656 6608 7471 7472 7473 7474 7475 7476 7477 7478 7479 7480 7481 7482 7483 7484 7546 80326 81029 8643 8945 89780
hsa04350 TGF-beta signaling pathway	100506332 1030 10468 10637 130399 1311 1387 151449 1634 1874 1875 2033 268 269 3397 3398 3399 3400 3458 353500 3624 3625 3626 387 392255 4052 4086 4087 4088 4089 4090 4091 4092 4093 4609 4838 5308 5515 5516 5518 5519 5594 5595 57154 5933 5934 6093 6198 6199 64750 650 6500 652 653 654 655 656 657 658 659 6667 7027 7040 7042 7043 7044 7046 7048 7057 7058 7059 7060 7124 8200 83729 8454 8646 90 92 9241 93 9372 9475 9765 9978
hsa04360 Axon guidance	10154 1020 10298 10371 10500 10501 10505 10507 10509 10512 1072 10725 1073 11261 137970 1630 1808 1942 1943 1944 1945 1946 1947 1948 1949 1969 2041 2042 2043 2044 2045 2046 2047 2048 2049 2050 2051 219699 223117 2242 22854 22885 23365 23380 23654 25 2534 25791 27289 2770 2771 2773 285220 2932 29984 3265 3688 3845 387 3897 3983 3984 3985 4233 4690 4772 4773 4775 4776 4893 4917 5058 5062 5063 5361 5362 5364 5365 54437 54910 5530 5532 5533 5534 5535 55558 5594 5595 56896 56920 56924 57144 5747 57522 57556 57689 57715 5879 5880 5881 5921 59277 5998 6091 6092 6093 6387 63928 6405 642132 64218 64221 6585 6586 7852 7869 80031 8440 84448 8482 8633 8829 90249 9037 9353 9423 9475 9723 9901 998
hsa04370 VEGF signaling pathway	10000 100137049 10725 11261 123745 1432 207 208 23533 25759 26279 30814 3265 3315 3791 3845 391013 4772 4773 4775 4776 4846 4893 50487 5290 5291 5293 5294 5295 5296 5319 5320 5321 5322 5335 5336 5530 5532 5533 5534 5535 5578 5579 5582 5594 5595 5600 5603 5604 5605 56848 572 5743 5747 5829 5879 5880 5881 5894 6300 63928 64600 6714 7422 7867 81579 8398 8399 842 84647 8503 8681 8877 9047 9261 998
hsa04380 Osteoclast differentiation	10000 10288 10326 10379 10454 10859 10990 11006 11024 11025 11026 11027 1147 126014 1385 140885 1432 1435 1436 1513 1535 1536 1540 207 208 2209 2212 2213 2214 2215 2274 23118 2353 23533 2354 23547 2355 2534 27035 2885 29760 3454 3455 3456 3458 3459 3460 3551 3552 3553 3554 3690 3716 3725 3726 3727 3932 3937 4286 4688 4689 4772 4773 4790 4791 4792 4982 50508 5290 5291 5293 5294 5295 5296 5336 54 54209 5468 5530 5532 5533 55423 5594 5595 5599 5600 5601 5602 5603 5604 5608 5609 5879 5970 5971 6300 653361 6688 6772 6773 6850 6885 695 7006 7040 7042 7046 7048 7124 7132 7186 7189 7297 7305 79168 799 8061 814 8503 8517 8600 8651 8792 8878 9020 9021 9103 9846
hsa04510 Focal adhesion	10000 10298 10319 103910 10398 10451 10627 1101 1277 1278 1280 1281 1282 1284 1286 1287 1288 1289 1290 1291 1292 1293 1301 1302 1311 131873 1398 1399 1499 1729 1793 1950 1956 2002 2064 207 208 2277 22798 22801 2316 2317 2318 2321 2324 2335 23396 23533 2534 25759 284217 2885 2889 2909 2932 29780 29895 3082 3265 329 330 331 3371 3381 3479 3480 3611 3655 3672 3673 3674 3675 3676 3678 3679 3680 3685 3688 3690 3691 3693 3694 3695 3696 3725 3791 387 3908 3909 3910 3911 3912 3913 3914 3915 3918 394 399694 4233 4633 4636 4638 4659 50509 5058 5062 5063 5154 5155 5156 5159 5170 5228 5290 5291 5293 5294 5295 5296 53358 5499 5500 5501 55742 5578 5579 5582 5594 5595 5599 5601 5602 56034 5604 5649 56924 57144 572 5728 5747 5829 58498 5879 5880 5881 5894 5906 5908 5923 595 596 60 6093 63923 64098 6464 6654 6655 6696 6714 673 7057 7058 7059 7060 7094 71 7143 7148 7408 7409 7410 7414 7422 7423 7424 7448 7450 7791 80310 81 824 83660 8503 8515 8516 85366 857 858 859 87 88 89 894 896 91807 93408 9475 9564 998
hsa04512 ECM-receptor interaction	10319 1101 1277 1278 1280 1281 1282 1284 1286 1287 1288 1289 1290 1291 1292 1293 1301 1302 1311 131873 1605 22798 22801 22987 2335 2811 2812 2814 2815 284217 3161 3339 3371 3381 3655 3672 3673 3674 3675 3676 3678 3679 3680 3685 3688 3690 3691 3693 3694 3695 3696 375790 3908 3909 3910 3911 3912 3913 3914 3915 3918 50509 51206 5649 6382 6383 6385 63923 6696 7057 7058 7059 7060 7143 7148 7448 7450 8515 8516 948 960 961 9672 9899 9900
hsa04514 Cell adhesion molecules (CAMs)	1000 1001 100133583 1002 1003 100506658 1013 10666 10686 1272 1364 1365 1366 137075 1462 1493 149461 214 22871 23114 23308 23562 23705 24146 257194 25945 26047 26285 2734 29126 29851 3105 3106 3107 3108 3109 3111 3112 3113 3115 3117 3118 3119 3122 3123 3125 3126 3127 3133 3134 3135 3383 3384 3385 3655 3676 3680 3683 3684 3685 3688 3689 3695 3696 3897 4099 4267 4359 4684 4685 4756 4897 4950 49861 5010 50848 51208 5133 5175 53842 54413 57502 57555 57863 5788 5792 5797 5817 5818 5819 58494 6382 6383 6385 6401 6402 6403 6404 652614 6614 6693 6900 7122 7412 80380 80381 8174 83700 8506 8516 9019 9071 9073 9074 9075 9076 9080 90952 914 920 923 925 926 933 9369 9378 9379 940 941 942 947 958 959 965 9672 999
hsa04520 Adherens junction	10163 10458 10580 10810 117178 1387 1457 1459 1460 1495 1496 1499 1500 1956 2033 2064 2241 2260 2534 25945 29119 3480 3643 387 4008 4087 4088 4089 4233 4301 51176 51701 52 5594 5595 56288 5770 5777 5787 5792 5795 5797 5818 5819 5879 5880 5881 60 6591 6615 6714 6885 6932 6934 7046 7048 7082 71 7414 7454 7525 81 81607 83439 87 88 8826 89 8936 8976 9855 998 999
hsa04530 Tight junction	10000 100506658 1019 10207 103910 10398 10627 10686 11336 1364 1365 1366 137075 1457 1459 1460 149461 1495 1496 1499 150084 154810 2017 2035 2036 2037 207 208 22800 22808 22989 23136 23562 24146 260425 26285 27134 2770 2771 2773 29119 29895 3059 3265 3845 387 3993 3996 4301 4619 4620 4621 4622 4624 4625 4626 4627 4628 4629 4633 4636 4893 4950 49861 5010 50848 50855 51208 51776 53842 5515 5516 5518 5519 5520 5521 5522 5578 5579 5580 5581 5582 5583 5584 55844 55870 5588 5590 56288 5728 57530 57644 58494 58498 5865 5872 60 60412 6237 64398 6709 6714 7082 71 7122 7525 79784 81 8189 83700 84552 84612 8531 8573 87 8735 8777 88 89 9071 9073 9074 9075 9076 9080 9218 9223 92359 93408 93643 9414 9863 998
hsa04540 Gap junction	10376 10381 10382 10383 107 10746 108 109 111 112 112714 113 113457 114 115 1453 153 1812 1813 1902 1950 1956 196883 203068 23236 2697 2767 2770 2771 2773 2776 2778 2885 2911 2915 2977 2982 2983 3265 3356 3357 3358 347688 347733 3708 3709 3710 3845 4893 5154 5155 5156 5159 51807 5330 5331 5332 5566 5567 5568 5578 5579 5582 5592 5593 5594 5595 5598 56034 5604 5605 5607 5613 56604 57369 5894 6654 6655 6714 7082 7277 7278 7280 7846 79861 80310 81027 84617 84790 983
hsa04610 Complement and coagulation cascades	10747 1361 1378 1380 1604 1675 2 2147 2149 2152 2153 2155 2157 2158 2159 2160 2161 2162 2165 2243 2244 2266 3053 3075 3426 3818 3827 4153 4179 462 5054 5104 5265 5327 5328 5329 5340 5345 5624 5627 5648 623 624 629 7035 7056 710 712 713 714 715 716 717 718 719 720 721 722 725 727 728 729 730 731 732 733 735 7450 966
hsa04612 Antigen processing and presentation	100133583 10197 10437 115653 1385 1508 1514 1520 2923 3105 3106 3107 3108 3109 3111 3112 3113 3115 3117 3118 3119 3122 3123 3125 3126 3127 3133 3134 3135 3303 3304 3305 3306 3308 3309 3310 3312 3320 3326 3458 3802 3803 3804 3805 3806 3808 3809 3810 3811 3812 3821 3822 3823 3824 4261 4800 4801 4802 5641 567 5720 5721 57292 5993 5994 652614 6890 6891 6892 7124 811 821 8302 8625 920 925 926 972
hsa04614 Renin-angiotensin system	1215 1359 1511 1636 183 185 186 2028 290 4012 4142 4311 5476 57486 59272 5972 7064
hsa04620 Toll-like receptor signaling pathway	10000 10333 10454 114609 1147 1326 1432 148022 1513 207 208 23118 2353 23533 23643 29110 3439 3440 3441 3442 3443 3444 3445 3446 3447 3448 3449 3451 3452 3454 3455 3456 353376 3551 3553 3569 3576 3592 3593 3627 3654 3661 3663 3665 3725 3929 4283 4615 4790 4792 51135 51284 51311 5290 5291 5293 5294 5295 5296 54106 54472 5594 5595 5599 5600 5601 5602 5603 5604 5605 5606 5608 5609 5879 5970 6300 6348 6351 6352 6373 6416 6696 6772 6885 7096 7097 7098 7099 7100 7124 7187 7189 841 8503 8517 8737 8772 929 941 942 958 9641
hsa04621 NOD-like receptor signaling pathway	100510692 10392 10454 10910 114548 1147 1432 22861 22900 23118 257397 260434 29108 2919 2920 329 330 331 3320 3326 3551 3553 3569 3576 3606 4210 4671 4790 4792 4793 55914 5594 5595 5599 5600 5601 5602 5603 58484 59082 5970 6300 6347 6352 64127 64170 6885 7124 7128 7184 7189 7205 834 838 841 84674 8517 8767 9051
hsa04622 RIG-I-like receptor signaling pathway	10010 1147 1432 1540 1654 23586 26007 29110 338376 340061 3439 3440 3441 3442 3443 3444 3445 3446 3447 3448 3449 3451 3452 3456 3467 3551 3576 3592 3593 3627 3661 3665 4214 4790 4792 4793 5300 54941 55593 5599 5600 5601 5602 5603 56832 57506 5970 6300 64135 64343 6885 7124 7186 7187 7189 7706 79132 79671 80143 841 843 8517 8653 8717 8737 8772 9140 9474 9636 9641 9755
hsa04623 Cytosolic DNA-sensing pathway	103 10621 10622 10623 11035 11128 11277 1147 171568 23586 29108 29110 340061 3439 3440 3441 3442 3443 3444 3445 3446 3447 3448 3449 3451 3452 3456 3551 3553 3569 3606 3627 3661 3665 388372 4790 4792 4793 51082 51728 55703 57506 5970 6351 6352 661 81030 834 84265 8517 8737 90865 9447 9533 9560 9641
hsa04630 Jak-STAT signaling pathway	10000 10251 10252 10253 10254 10379 10401 11009 1154 116379 122809 1270 1271 1387 1437 1438 1439 1440 1441 1442 1489 149233 161742 163702 200734 2033 2056 2057 207 208 23529 23533 23624 2688 2689 2690 282616 282617 282618 2885 29949 30837 338376 3439 3440 3441 3442 3443 3444 3445 3446 3447 3448 3449 3451 3452 3454 3455 3456 3458 3459 3460 3467 3558 3559 3560 3561 3562 3563 3565 3566 3567 3568 3569 3570 3572 3574 3575 3578 3581 3586 3587 3588 3589 3590 3592 3593 3594 3595 3596 3597 3598 3600 3601 3716 3717 3718 3952 3953 3976 3977 4352 4609 5008 50604 50615 50616 51561 51588 5290 5291 5292 5293 5294 5295 5296 53832 53833 55801 5617 5618 56832 5777 5781 58985 59067 595 598 64109 6654 6655 6772 6773 6774 6775 6776 6777 6778 7173 7297 8027 81848 8503 85480 8554 8651 867 868 8835 894 896 9021 9063 9180 9655
hsa04640 Hematopoietic cell lineage	100133941 1378 1380 1435 1436 1437 1438 1440 1441 1604 1791 2056 2057 2208 2209 2322 2323 2811 2812 2814 2815 290 2993 3122 3123 3125 3126 3127 3552 3553 3554 3559 3562 3563 3565 3566 3567 3568 3569 3570 3574 3575 3581 3589 3590 3655 3672 3673 3674 3675 3676 3678 3684 3690 3815 4254 4311 7037 7066 7124 7173 7850 909 910 911 912 913 914 915 916 917 920 921 924 925 926 928 929 930 931 933 945 947 948 951 952 960 966
hsa04650 Natural killer cell mediated cytotoxicity	10451 10725 10870 11261 117157 135250 1437 154064 2185 2207 2214 2215 22914 23533 2534 25759 259197 27040 2885 3002 3105 3106 3107 3133 3135 3265 3383 3384 3439 3440 3441 3442 3443 3444 3445 3446 3447 3448 3449 3451 3452 3454 3455 3456 3458 3459 3460 353091 355 356 3683 3689 369 3802 3803 3804 3805 3806 3808 3809 3810 3811 3812 3821 3822 3823 3824 3845 3932 3937 399694 4068 4277 4772 4773 4775 4776 4893 5058 51744 5290 5291 5293 5294 5295 5296 5335 53358 5336 5530 5532 5533 5534 5535 5551 5578 5579 5582 5594 5595 5604 5605 57292 5777 5781 5879 5880 5881 5894 637 63928 6452 6464 6654 6655 673 6850 7124 7305 7409 7410 7535 79465 80328 80329 836 8503 8743 8793 8794 8795 8797 919 9436 9437 962
hsa04660 T cell receptor signaling pathway	10000 10125 1019 10298 10451 10725 10892 11261 1147 1326 1432 1437 1493 1739 207 208 2353 23533 23624 2534 27040 2885 2932 29851 3265 3458 3551 3558 3565 3567 3586 3702 3725 3845 387 3932 3937 4690 4772 4773 4775 4776 4790 4792 4793 4794 4893 5058 5062 5063 5133 5163 5290 5291 5293 5294 5295 5296 5335 5530 5532 5533 5534 5535 5588 5594 5595 5600 5601 5603 5604 5605 5609 56924 57144 5777 5788 5894 5970 6300 63928 6654 6655 6885 7006 7124 7409 7410 7535 8440 84433 8503 8517 867 868 8915 9020 915 916 917 919 920 925 926 940 9402 959 998
hsa04662 B cell receptor signaling pathway	10000 10451 10725 10892 11025 11261 1147 118788 1380 207 208 2213 2353 23533 25780 27071 2885 2932 29760 3265 3551 3635 3725 3845 4067 4772 4773 4775 4776 4790 4792 4793 4794 4893 5290 5291 5293 5294 5295 5296 5336 5530 5532 5533 5534 5535 5579 5594 5595 5604 5605 5777 5879 5880 5881 5894 5970 63928 6654 6655 6850 695 7409 7410 84433 8503 8517 8519 8915 930 933 971 973 974 975
hsa04664 Fc epsilon RI signaling pathway	10000 100137049 10451 123745 1432 1437 207 208 2205 2206 2207 23533 2534 26279 27040 2885 30814 3265 3562 3565 3567 3596 3635 3845 391013 3937 4067 4893 50487 5163 5290 5291 5293 5294 5295 5296 5319 5320 5321 5322 5335 5336 5578 5579 5580 5581 5594 5595 5599 5600 5601 5602 5603 5604 5605 5606 5608 5609 5879 5880 5881 5894 6300 6416 64600 6654 6655 6850 695 7124 7409 7410 81579 8398 8399 84647 8503 8681 9846
hsa04666 Fc gamma R-mediated phagocytosis	10000 100137049 10059 10092 10093 10094 10095 10109 10163 10451 10552 1072 1073 10810 123745 1398 1399 1759 1785 1794 207 208 2209 2212 2213 2214 23396 23533 255189 26052 27040 273 283748 2934 3055 3635 382 3984 3985 4067 4082 4651 5058 50807 5290 5291 5293 5294 5295 5296 5321 5335 5336 5337 5338 55616 5578 5579 5580 5581 5582 5594 5595 5604 56848 5788 5879 5880 5894 6198 6199 65108 653361 653888 6850 7408 7409 7410 7454 81873 8394 8395 8398 8503 85477 8611 8612 8613 8853 8877 8936 8976 9103 9846 998
hsa04670 Leukocyte transendothelial migration	1003 100506658 103910 10398 10411 10451 10627 10686 11069 1364 1365 1366 137075 1432 149461 1495 1496 1499 1500 1535 1536 2185 23533 23562 24146 26285 27035 2770 2771 2773 2909 29119 29895 3383 3676 3683 3684 3688 3689 3702 387 394 399 4267 4301 4313 4318 4478 4633 4636 4688 4689 4950 49861 5010 50508 50848 51208 5175 5290 5291 5293 5294 5295 5296 5335 5336 53842 5578 5579 5582 5600 5603 5747 5781 5829 58494 58498 5879 5880 5906 5908 60 6093 6300 6387 6494 653361 7070 71 7122 7294 7408 7409 7410 7412 7414 7430 7852 81 83593 83700 8503 87 88 89 9071 9073 9074 9075 9076 9080 90952 93408 9475 9564 998
hsa04672 Intestinal immune network for IgA production	100133583 10673 10803 10850 115650 23308 23495 2826 29851 3108 3109 3111 3112 3113 3115 3117 3118 3119 3122 3123 3125 3126 3127 3558 3565 3567 3569 3586 3600 3601 3676 3695 4055 5284 56477 57379 608 6370 6387 7040 7852 8174 8741 9020 940 941 942 958 959
hsa04710 Circadian rhythm - mammal	100506332 1407 1408 1453 1454 23291 26224 406 4862 5187 6095 6096 6097 6500 79365 8454 8553 8863 8864 8945 9572 9575 9978
hsa04720 Long-term potentiation	10411 107 11261 114 1387 163688 2033 23236 27330 2776 2890 2891 2902 2903 2904 2905 2906 2911 2915 3265 369 3708 3709 3710 3845 4659 468 4893 51806 5330 5331 5332 5499 5500 5501 5502 5530 5532 5533 5534 5535 5566 5567 5568 5578 5579 5582 5594 5595 5604 5605 5613 5894 5906 5908 6195 6196 6197 63928 673 775 801 805 808 810 814 815 816 817 818
hsa04722 Neurotrophin signaling pathway	10000 10019 10603 10782 10818 10971 11108 11213 1398 1399 1432 1445 163688 207 208 2309 23533 25 2549 25759 25970 27018 27330 2885 2889 2932 3265 3551 356 3654 3656 3667 3725 3845 387 396 397 399694 4214 4215 4217 468 4790 4792 4793 4794 4803 4804 4893 4908 4909 4914 4915 4916 51135 5163 51806 5290 5291 5293 5294 5295 5296 5335 53358 5336 5580 5594 5595 5598 5599 5600 5601 5602 5603 5604 5605 5607 5609 5663 5664 572 57498 5781 581 5879 5894 5906 5908 596 5970 6195 6196 6197 627 6272 6300 6464 6654 6655 673 7157 7161 7189 7529 7531 7532 7533 7534 801 805 808 810 814 815 816 817 818 8471 8503 8660 8767 8986 9252 9261 9500 998
hsa04730 Long-term depression	100137049 10672 10842 123745 1392 1394 23236 26279 2767 2768 2770 2771 2773 2775 2776 2778 2781 2890 2891 2892 2895 2911 2915 2977 2982 2983 30814 3265 3479 3480 369 3708 3709 3710 3845 391013 4067 4842 4893 50487 5319 5320 5321 5322 5330 5331 5332 5515 5516 5518 5519 5578 5579 5582 5592 5593 5594 5595 5604 5605 5894 6261 64600 673 773 81579 8398 8399 84647 8681
hsa04740 Olfactory transduction	10798 109 1179 119678 119679 119682 119687 119692 119694 119695 119749 119764 119765 119772 119774 120065 120066 120586 120775 120776 120787 120793 120796 121130 121275 121364 122740 122742 122748 124538 1258 125958 125962 125963 1261 1262 126370 126541 127059 127062 127064 127066 127068 127069 127074 127077 127385 127623 128360 128367 128368 128371 128372 130075 134083 135924 135941 135946 135948 138799 138802 138803 138804 138805 138881 138882 138883 143496 143502 143503 144124 144125 150681 157 158131 162998 163688 196335 219417 219428 219429 219431 219432 219436 219437 219438 219447 219453 219464 219469 219473 219477 219479 219482 219484 219487 219493 219858 219865 219869 219870 219873 219874 219875 219952 219954 219956 219957 219958 219959 219960 219965 219968 219981 219982 219983 219986 22802 23538 254783 254786 254879 254973 255725 256144 256148 256892 26188 26189 26211 26212 26219 26245 26246 26248 26333 26338 26339 26476 26492 26493 26494 26496 26529 26531 26532 26533 26534 26538 26539 26648 26658 26659 26664 26682 26683 26686 26689 26692 26696 26707 26716 26735 26737 26740 2774 282763 282770 282775 283092 283093 283111 283159 283160 283162 283189 283297 283365 283694 284383 284433 284521 284532 285659 286362 286365 2978 2979 3000 338662 338674 338675 338751 338755 340980 341152 341276 341416 341418 341568 341799 343169 343171 343172 343173 343406 343563 346517 346525 346528 347168 347169 347468 387748 389090 390036 390037 390038 390054 390058 390059 390061 390063 390064 390066 390067 390072 390075 390077 390078 390079 390081 390083 390084 390093 390113 390142 390144 390151 390152 390154 390155 390157 390162 390167 390168 390174 390181 390191 390195 390197 390199 390201 390260 390261 390264 390265 390275 390321 390323 390326 390327 390429 390431 390433 390436 390437 390439 390442 390445 390538 390648 390649 390882 390883 390892 391107 391109 391112 391114 391189 391190 391191 391192 391194 391195 391196 391211 392138 392309 392376 392390 392391 392392 393046 401427 401665 401666 401667 401992 401993 401994 402135 402317 403239 403253 403257 403282 403284 409 441608 441639 441669 441670 441911 441933 442184 442186 442191 442194 442361 4991 4992 4993 4994 4995 504189 5132 5137 51806 5566 5567 5568 5592 5593 5613 56656 79290 79295 79310 79317 7932 79324 79339 79345 79473 79501 79541 79544 801 805 808 810 81050 81061 81099 81127 81168 81282 81285 81300 81309 81318 81327 81328 81392 81399 81442 81448 81469 81470 81472 815 816 81696 81697 817 81797 818 8383 8386 8387 8388 8390 8392 8590 9626 9635
hsa04742 Taste transduction	112 114 196883 259285 259286 259287 259289 259290 259291 259292 259294 259295 259296 2778 2782 2784 2785 2914 29850 338398 346562 353164 3710 3745 40 50831 50832 50833 50834 50835 50836 50837 50838 50839 50840 5136 51764 5330 54429 5566 5567 5568 5613 5726 6337 6338 6340 773 774 80834 80835 83756
hsa04744 Phototransduction	1258 1259 131890 163688 2779 2780 2782 2792 2978 2979 2986 3000 346562 408 409 5145 5148 5158 51806 5957 6010 6011 801 805 808 810 8787 9187 9626
hsa04810 Regulation of actin cytoskeleton	10092 10093 10094 10095 10109 10152 10163 10297 10298 103910 10398 10451 10458 10552 10627 10672 1072 1073 10787 10788 1128 1129 1131 1132 1133 128239 1398 1399 1445 1729 1730 1793 1950 1956 200576 2147 2149 2245 2246 2247 2248 2249 2250 2251 2252 2253 2254 2255 2256 2257 2258 2259 2260 2261 2263 2264 22800 22801 22808 23191 2335 23365 23396 23533 26230 26281 26291 26999 27006 2768 28964 2909 2934 29895 3071 324 3265 345456 3630 3645 3655 3672 3673 3674 3675 3676 3678 3679 3680 3681 3682 3683 3684 3685 3687 3688 3689 369 3690 3691 3693 3694 3695 3696 375189 3845 387 3984 3985 4342 4478 4627 4628 4633 4636 4638 4659 4893 5058 5062 5063 50649 5154 5155 5156 5159 5216 5217 5290 5291 5293 5294 5295 5296 5305 54434 54961 5499 5500 5501 55740 55845 5594 5595 55970 56034 5604 5605 56924 57144 5747 5829 58498 5879 5880 5881 5894 5962 60 6093 623 6237 624 653888 6548 6654 6655 673 7074 71 7114 7117 7409 7410 7414 7430 7454 79784 79837 80310 8074 81 81624 81873 8394 8395 8396 8503 8515 8516 85366 85464 85477 87 88 8817 8822 8823 8826 8874 89 8936 8976 89846 9087 9138 91807 929 93408 9459 9475 9564 9965 998
hsa04910 Insulin signaling pathway	10000 10211 10580 10603 10891 122809 1398 1399 163688 1977 1978 2002 207 208 2194 2203 2308 2319 23265 23433 23533 23624 2475 253314 2538 25759 2645 2872 2885 2889 2932 2997 2998 3098 3099 31 3101 32 3265 3551 3630 3635 3643 3667 369 3845 3991 399694 4893 5105 5106 5139 5140 51422 5170 51763 51806 5255 5256 5257 5260 5261 5290 5291 5293 5294 5295 5296 5313 53358 53632 5499 5500 5501 5506 5507 5509 5562 5563 5564 5565 5566 5567 5568 5571 5573 5575 5576 5577 5584 5590 5594 5595 5599 5601 5602 5604 5605 5613 572 57521 5770 57818 5792 5834 5836 5837 5894 6009 6194 6198 6199 6464 6517 6654 6655 6720 673 7248 7249 79660 801 80201 805 808 810 8471 8503 8569 8651 8660 867 868 8789 8835 9021 9322 9470
hsa04912 GnRH signaling pathway	100137049 107 10746 108 1081 109 111 112 113 114 115 123745 1432 163688 1839 1956 196883 2002 2185 23236 2488 26279 2767 2776 2778 2796 2797 2798 2885 30814 3265 3708 3709 3710 3725 3845 391013 3972 4214 4215 4216 4313 4323 468 4893 50487 51806 5319 5320 5321 5322 5330 5331 5332 5337 5338 5566 5567 5568 5578 5579 5580 5594 5595 5598 5599 5600 5601 5602 5603 5604 5605 5606 5608 5609 5613 5894 6300 6416 64600 6654 6655 6714 775 776 778 779 801 805 808 810 815 81579 816 817 818 8398 8399 84647 8681 998
hsa04914 Progesterone-mediated oocyte maturation	10000 1017 10393 10459 107 108 109 111 112 113 114 115 1432 196883 207 208 23533 245711 246184 25847 27330 2770 2771 2773 29882 29945 3320 3326 3479 3480 3630 369 3845 387778 4085 4342 51343 5139 5140 51433 51434 51529 5241 5290 5291 5293 5294 5295 5296 5347 5566 5567 5568 5594 5595 5599 5600 5601 5602 5603 5604 5613 5894 6195 6196 6197 6300 64506 64682 650621 673 699 8379 8503 85417 8697 8881 890 8900 891 9088 9133 983 993 994 995 996
hsa04916 Melanogenesis	10488 107 108 109 111 112 11211 113 114 115 1385 1387 148327 1499 163688 1638 1855 1856 1857 1906 1910 196883 2033 23236 2535 2770 2771 2773 2775 2776 2778 2932 3265 3815 3845 4157 4254 4286 434 4893 51176 51384 51806 5330 5331 5332 54361 5443 5566 5567 5568 5578 5579 5582 5594 5595 5604 5605 5613 5894 64764 6932 6934 7299 7306 7471 7472 7473 7474 7475 7476 7477 7478 7479 7480 7481 7482 7483 7484 7855 7976 801 80326 805 808 810 81029 815 816 817 818 8321 8322 8323 8324 8325 8326 83439 84699 89780 90993
hsa04920 Adipocytokine signaling pathway	10000 10645 10891 1147 126129 1374 1375 181 207 208 2180 2181 2182 23305 2475 2538 32 3551 3667 3717 3952 3953 4790 4792 4793 4794 4852 5105 5106 51094 51422 51703 53632 5443 5465 5562 5563 5564 5565 5571 5588 5599 5601 5602 5781 57818 5970 6256 6257 6258 6513 6517 6774 6794 7124 7132 7133 7186 79602 81616 84254 8471 8517 8660 8717 9021 9370 948
hsa04960 Aldosterone-regulated sodium reabsorption	23327 23439 23533 2810 3290 3291 3479 3630 3643 3667 3758 3845 4306 476 477 478 480 481 482 483 486 5170 5290 5291 5293 5294 5295 5296 53828 5578 5579 5582 5594 5595 6337 6338 6340 6446 8471 8503 8660 9351
hsa04962 Vasopressin-regulated water reabsorption	10488 10540 10671 109 112 115 1385 140735 148327 1639 1778 1780 1781 1783 2778 359 360 361 396 397 4905 51143 51164 51626 551 554 5566 5567 5568 5613 5868 5869 5878 64764 6810 6844 79659 84516 84699 8655 8766 90993 9230 9586
hsa04964 Proximal tubule bicarbonate reclamation	10991 1468 23439 27165 2744 2746 2747 358 4190 476 477 478 480 481 482 483 486 5105 5106 6550 760 762 8671
hsa04966 Collecting duct acid secretion	10312 10723 1188 127124 155066 23545 245972 245973 495 496 50617 51382 523 525 526 527 528 529 534 535 6521 760 8992 90423 9114 9296 9550
hsa04970 Salivary secretion	107 108 109 111 112 113 1131 114 115 146 1469 147 1470 1471 1472 1473 148 153 154 155 163688 1755 196883 23236 23439 276 277 2776 2778 278 2977 2982 2983 3346 362 3708 3709 3710 3778 3783 4025 4069 4589 476 477 478 480 481 482 483 4842 486 490 491 492 493 51806 5330 5331 5332 54831 5542 55503 5554 5555 5566 5567 5568 5578 5579 5582 5592 5593 5613 6263 6522 653247 6548 6558 6779 683 6844 727897 801 805 808 810 820 952
hsa04971 Gastric acid secretion	107 108 1080 109 111 112 113 1131 114 115 115111 163688 196883 23236 23439 2520 2770 2771 2773 2776 2778 3274 3708 3709 3710 3758 3759 3766 3772 3773 3776 3784 389015 4638 476 477 478 480 481 482 483 495 496 51806 5330 5331 5332 54207 5566 5567 5568 5578 5579 5582 5613 60 6522 6548 6750 6752 7430 760 801 805 808 810 815 816 817 818 85366 887 91807 9992
hsa04972 Pancreatic secretion	100137049 10136 1056 107 108 1080 109 111 112 113 1131 114 115 1179 123745 1357 1358 1359 1360 1361 1504 1506 1811 196883 219931 22802 23236 23436 23439 26279 2776 2778 279 280 30814 3708 3709 3710 3778 3784 387 391013 4218 476 477 478 480 481 482 483 486 487 488 489 490 491 492 493 50487 51032 5319 5320 5321 5322 5330 5331 5332 5406 5407 5408 5578 5579 5582 5644 5645 5646 5874 5879 5906 5908 6262 63036 6344 64600 6522 6548 6558 683 7220 760 81579 8398 8399 84647 8671 8681 8766 886 952 9545 9635
hsa04973 Carbohydrate digestion and absorption	10000 207 208 23439 23533 2538 2542 276 277 278 279 280 3098 3099 3101 346562 3938 476 477 478 480 481 482 483 486 5290 5291 5293 5294 5295 5296 5330 5579 57818 6476 6514 6518 6523 776 80201 80834 83756 8503 8972
hsa04974 Protein digestion and absorption	10008 10136 11136 117247 1277 1278 1280 1281 1282 1284 1286 1287 1288 1289 1290 1291 1292 1293 1297 1298 1299 1301 1302 1303 1306 1308 131873 1357 1358 1359 1360 1361 1504 1506 1803 2006 206358 23428 23436 23439 340024 3769 3783 3784 4224 4225 4311 476 477 478 480 481 482 483 486 50509 51032 5222 54407 5547 5644 5645 5646 59272 63036 643834 643847 6505 6510 6519 6520 6543 6546 6547 6550 6564 7373 7512 80781 8645 9056
hsa04975 Fat digestion and absorption	100137049 10554 10555 1056 10999 1208 123745 19 2168 2169 26279 2806 29881 30814 335 337 338 346606 39 391013 4547 50487 5319 5320 5321 5322 5406 5407 5408 64240 64241 64600 80168 81579 8398 8399 84647 84649 8513 8611 8612 8613 8681 8694 948 949
hsa04976 Bile secretion	10257 10599 107 108 1080 10864 109 10998 111 112 113 114 115 123264 1244 1576 1581 196883 200931 2052 23439 2778 28234 3156 343 358 361 366 3781 3949 476 477 478 480 481 482 483 486 5243 5244 5566 5567 5568 5613 570 57552 57835 6256 6344 64240 64241 6513 6522 6523 6548 6550 6554 6555 6579 6580 6822 7363 760 8431 8647 8671 8714 9376 9429 949 9971
hsa04977 Vitamin digestion and absorption	10560 113235 113278 151056 158835 2346 25974 2694 335 337 338 4363 5406 55788 5948 6573 686 6948 8029 80704 8884 9227 949 9963
